city_id,city_name,climate_group,model_name,repeat_count,sample_rows_per_city_cap,effective_city_row_count,within_city_pr_auc_mean,within_city_pr_auc_std,within_city_recall_at_top_10pct_mean,within_city_recall_at_top_10pct_std,within_city_best_inner_cv_average_precision_mean,cross_city_pr_auc,cross_city_recall_at_top_10pct,cross_city_reference_source,cross_city_reference_source_path,pr_auc_gap,recall_gap
4,Albuquerque,hot_arid,city_prevalence_baseline,3,20000,20000,0.10000000000000002,0.0,0.105,0.013228756555322957,,,,,,,
4,Albuquerque,hot_arid,logistic_saga,3,20000,20000,0.15112187987344808,0.004481063364401741,0.11750000000000001,0.013919410907075058,0.15747866723620044,0.1288853245104117,0.078,cross_city_benchmark_report_city_error_comparison,C:\Users\golde\OneDrive - University of Virginia\STAT5630_FinalProject_DataProcessing\outputs\modeling\reporting\tables\cross_city_benchmark_report_city_error_comparison.csv,0.02223655536303637,0.03950000000000001
4,Albuquerque,hot_arid,random_forest,3,20000,20000,0.4342829461370128,0.011593944375503146,0.45166666666666666,0.006291528696058975,0.42611545173351134,0.0859469686799147,0.084,cross_city_benchmark_report_city_error_comparison,C:\Users\golde\OneDrive - University of Virginia\STAT5630_FinalProject_DataProcessing\outputs\modeling\reporting\tables\cross_city_benchmark_report_city_error_comparison.csv,0.3483359774570981,0.36766666666666664
9,Bakersfield,hot_arid,city_prevalence_baseline,3,20000,20000,0.10000000000000002,0.0,0.105,0.013228756555322957,,,,,,,
9,Bakersfield,hot_arid,logistic_saga,3,20000,20000,0.35714167243112027,0.02222892852352216,0.3858333333333333,0.005204164998665355,0.3498287502865323,0.1040505685786889,0.13,cross_city_benchmark_report_city_error_comparison,C:\Users\golde\OneDrive - University of Virginia\STAT5630_FinalProject_DataProcessing\outputs\modeling\reporting\tables\cross_city_benchmark_report_city_error_comparison.csv,0.2530911038524314,0.2558333333333333
9,Bakersfield,hot_arid,random_forest,3,20000,20000,0.6090037359340408,0.02688542778475069,0.5583333333333332,0.013768926368215249,0.5814621335917958,0.269296376195184,0.348,cross_city_benchmark_report_city_error_comparison,C:\Users\golde\OneDrive - University of Virginia\STAT5630_FinalProject_DataProcessing\outputs\modeling\reporting\tables\cross_city_benchmark_report_city_error_comparison.csv,0.3397073597388568,0.21033333333333326
6,Denver,hot_arid,city_prevalence_baseline,3,20000,20000,0.10000000000000002,0.0,0.105,0.013228756555322957,,,,,,,
6,Denver,hot_arid,logistic_saga,3,20000,20000,0.28078664795051766,0.01744283265263471,0.32916666666666666,0.026731691553909066,0.2695415158198316,0.1922903126003208,0.22,cross_city_benchmark_report_city_error_comparison,C:\Users\golde\OneDrive - University of Virginia\STAT5630_FinalProject_DataProcessing\outputs\modeling\reporting\tables\cross_city_benchmark_report_city_error_comparison.csv,0.08849633535019685,0.10916666666666666
6,Denver,hot_arid,random_forest,3,20000,20000,0.40688183468496314,0.019691659698256387,0.40166666666666667,0.018763883748662828,0.38830765721819277,0.1508082663439688,0.2,cross_city_benchmark_report_city_error_comparison,C:\Users\golde\OneDrive - University of Virginia\STAT5630_FinalProject_DataProcessing\outputs\modeling\reporting\tables\cross_city_benchmark_report_city_error_comparison.csv,0.2560735683409944,0.20166666666666666
5,El Paso,hot_arid,city_prevalence_baseline,3,20000,20000,0.10000000000000002,0.0,0.105,0.013228756555322957,,,,,,,
5,El Paso,hot_arid,logistic_saga,3,20000,20000,0.1971716567606967,0.020598641075526173,0.2558333333333333,0.0300347021515668,0.20577006691267463,0.0906409794321659,0.048,cross_city_benchmark_report_city_error_comparison,C:\Users\golde\OneDrive - University of Virginia\STAT5630_FinalProject_DataProcessing\outputs\modeling\reporting\tables\cross_city_benchmark_report_city_error_comparison.csv,0.1065306773285308,0.20783333333333331
5,El Paso,hot_arid,random_forest,3,20000,20000,0.5937313807915784,0.013210028025450338,0.5758333333333333,0.009464847243000453,0.5977646888285397,0.0997411390221618,0.044,cross_city_benchmark_report_city_error_comparison,C:\Users\golde\OneDrive - University of Virginia\STAT5630_FinalProject_DataProcessing\outputs\modeling\reporting\tables\cross_city_benchmark_report_city_error_comparison.csv,0.4939902417694166,0.5318333333333333
8,Fresno,hot_arid,city_prevalence_baseline,3,20000,20000,0.10000000000000002,0.0,0.105,0.013228756555322957,,,,,,,
8,Fresno,hot_arid,logistic_saga,3,20000,20000,0.21337688909705096,0.023102301227542532,0.24,0.03191786333700927,0.21928903819409598,0.1618323168913163,0.192,cross_city_benchmark_report_city_error_comparison,C:\Users\golde\OneDrive - University of Virginia\STAT5630_FinalProject_DataProcessing\outputs\modeling\reporting\tables\cross_city_benchmark_report_city_error_comparison.csv,0.05154457220573466,0.04799999999999999
8,Fresno,hot_arid,random_forest,3,20000,20000,0.45041855190801666,0.03010497408978987,0.455,0.025980762113533153,0.4182059583525512,0.2181615684936822,0.284,cross_city_benchmark_report_city_error_comparison,C:\Users\golde\OneDrive - University of Virginia\STAT5630_FinalProject_DataProcessing\outputs\modeling\reporting\tables\cross_city_benchmark_report_city_error_comparison.csv,0.23225698341433446,0.17100000000000004
3,Las Vegas,hot_arid,city_prevalence_baseline,3,20000,20000,0.10000000000000002,0.0,0.105,0.013228756555322957,,,,,,,
3,Las Vegas,hot_arid,logistic_saga,3,20000,20000,0.5439360838129762,0.02509425019559319,0.545,0.012499999999999983,0.5792998894860227,0.0850225697894336,0.048,cross_city_benchmark_report_city_error_comparison,C:\Users\golde\OneDrive - University of Virginia\STAT5630_FinalProject_DataProcessing\outputs\modeling\reporting\tables\cross_city_benchmark_report_city_error_comparison.csv,0.45891351402354263,0.49700000000000005
3,Las Vegas,hot_arid,random_forest,3,20000,20000,0.6619474962529099,0.02585771621234858,0.6066666666666666,0.024281337140555796,0.6673426961938335,0.2795191791389535,0.39,cross_city_benchmark_report_city_error_comparison,C:\Users\golde\OneDrive - University of Virginia\STAT5630_FinalProject_DataProcessing\outputs\modeling\reporting\tables\cross_city_benchmark_report_city_error_comparison.csv,0.3824283171139564,0.21666666666666656
1,Phoenix,hot_arid,city_prevalence_baseline,3,20000,20000,0.10000000000000002,0.0,0.105,0.013228756555322957,,,,,,,
1,Phoenix,hot_arid,logistic_saga,3,20000,20000,0.22492482570296538,0.009139789311470007,0.27666666666666667,0.0038188130791298974,0.21590590200687662,0.1562348038114553,0.156,cross_city_benchmark_report_city_error_comparison,C:\Users\golde\OneDrive - University of Virginia\STAT5630_FinalProject_DataProcessing\outputs\modeling\reporting\tables\cross_city_benchmark_report_city_error_comparison.csv,0.06869002189151008,0.12066666666666667
1,Phoenix,hot_arid,random_forest,3,20000,20000,0.3263113780356615,0.004543596676733287,0.3675,0.008660254037844393,0.3098105923388145,0.1409691823042949,0.182,cross_city_benchmark_report_city_error_comparison,C:\Users\golde\OneDrive - University of Virginia\STAT5630_FinalProject_DataProcessing\outputs\modeling\reporting\tables\cross_city_benchmark_report_city_error_comparison.csv,0.18534219573136662,0.1855
10,Reno,hot_arid,city_prevalence_baseline,3,20000,20000,0.10000000000000002,0.0,0.105,0.013228756555322957,,,,,,,
10,Reno,hot_arid,logistic_saga,3,20000,20000,0.5037160433909228,0.022091033170756166,0.4908333333333333,0.0057735026918962675,0.5067404324443228,0.1412063829935387,0.134,cross_city_benchmark_report_city_error_comparison,C:\Users\golde\OneDrive - University of Virginia\STAT5630_FinalProject_DataProcessing\outputs\modeling\reporting\tables\cross_city_benchmark_report_city_error_comparison.csv,0.3625096603973841,0.3568333333333333
10,Reno,hot_arid,random_forest,3,20000,20000,0.7512779981087864,0.012874244791758653,0.695,0.011456439237389628,0.7461609793649296,0.1143245191614722,0.106,cross_city_benchmark_report_city_error_comparison,C:\Users\golde\OneDrive - University of Virginia\STAT5630_FinalProject_DataProcessing\outputs\modeling\reporting\tables\cross_city_benchmark_report_city_error_comparison.csv,0.6369534789473141,0.589
7,Salt Lake City,hot_arid,city_prevalence_baseline,3,20000,20000,0.10000000000000002,0.0,0.105,0.013228756555322957,,,,,,,
7,Salt Lake City,hot_arid,logistic_saga,3,20000,20000,0.18094600842452832,0.00491917228158485,0.1925,0.0050000000000000044,0.1796038943087073,0.1662992834233643,0.176,cross_city_benchmark_report_city_error_comparison,C:\Users\golde\OneDrive - University of Virginia\STAT5630_FinalProject_DataProcessing\outputs\modeling\reporting\tables\cross_city_benchmark_report_city_error_comparison.csv,0.014646725001164013,0.016500000000000015
7,Salt Lake City,hot_arid,random_forest,3,20000,20000,0.4074621991872415,0.028188813777076747,0.42083333333333334,0.021842237370135256,0.386085886932307,0.1220764403186102,0.12,cross_city_benchmark_report_city_error_comparison,C:\Users\golde\OneDrive - University of Virginia\STAT5630_FinalProject_DataProcessing\outputs\modeling\reporting\tables\cross_city_benchmark_report_city_error_comparison.csv,0.2853857588686313,0.30083333333333334
2,Tucson,hot_arid,city_prevalence_baseline,3,20000,20000,0.10000000000000002,0.0,0.105,0.013228756555322957,,,,,,,
2,Tucson,hot_arid,logistic_saga,3,20000,20000,0.38896715019350186,0.01860362805523927,0.42583333333333334,0.024022558842332613,0.3765106015349373,0.1121467223844115,0.064,cross_city_benchmark_report_city_error_comparison,C:\Users\golde\OneDrive - University of Virginia\STAT5630_FinalProject_DataProcessing\outputs\modeling\reporting\tables\cross_city_benchmark_report_city_error_comparison.csv,0.27682042780909033,0.36183333333333334
2,Tucson,hot_arid,random_forest,3,20000,20000,0.5090324002063502,0.013000092280514153,0.5141666666666667,0.014648663192705812,0.502994812142637,0.1940954301815877,0.25,cross_city_benchmark_report_city_error_comparison,C:\Users\golde\OneDrive - University of Virginia\STAT5630_FinalProject_DataProcessing\outputs\modeling\reporting\tables\cross_city_benchmark_report_city_error_comparison.csv,0.3149369700247625,0.26416666666666666
18,Atlanta,hot_humid,city_prevalence_baseline,3,20000,20000,0.10000000000000002,0.0,0.105,0.013228756555322957,,,,,,,
18,Atlanta,hot_humid,logistic_saga,3,20000,20000,0.322272259496087,0.01180063949925716,0.3675,0.013228756555322964,0.3209910408386259,0.2425181909858542,0.304,cross_city_benchmark_report_city_error_comparison,C:\Users\golde\OneDrive - University of Virginia\STAT5630_FinalProject_DataProcessing\outputs\modeling\reporting\tables\cross_city_benchmark_report_city_error_comparison.csv,0.07975406851023281,0.0635
18,Atlanta,hot_humid,random_forest,3,20000,20000,0.3458899704861215,0.005452520324102169,0.4083333333333334,0.02240721609958125,0.34156259520427784,0.1817360129064311,0.238,cross_city_benchmark_report_city_error_comparison,C:\Users\golde\OneDrive - University of Virginia\STAT5630_FinalProject_DataProcessing\outputs\modeling\reporting\tables\cross_city_benchmark_report_city_error_comparison.csv,0.16415395757969042,0.1703333333333334
19,Charlotte,hot_humid,city_prevalence_baseline,3,20000,20000,0.10000000000000002,0.0,0.105,0.013228756555322957,,,,,,,
19,Charlotte,hot_humid,logistic_saga,3,20000,20000,0.15415407422021202,0.007944157004041198,0.16,0.01984313483298443,0.15036381270130614,0.1491039251426113,0.172,cross_city_benchmark_report_city_error_comparison,C:\Users\golde\OneDrive - University of Virginia\STAT5630_FinalProject_DataProcessing\outputs\modeling\reporting\tables\cross_city_benchmark_report_city_error_comparison.csv,0.005050149077600707,-0.011999999999999983
19,Charlotte,hot_humid,random_forest,3,20000,20000,0.19838510316781166,0.018709991466025862,0.23416666666666666,0.016645820296198485,0.19133681364664068,0.1463534884042359,0.176,cross_city_benchmark_report_city_error_comparison,C:\Users\golde\OneDrive - University of Virginia\STAT5630_FinalProject_DataProcessing\outputs\modeling\reporting\tables\cross_city_benchmark_report_city_error_comparison.csv,0.05203161476357576,0.05816666666666667
12,Columbia,hot_humid,city_prevalence_baseline,3,20000,20000,0.10000000000000002,0.0,0.09500000000000001,0.017500000000000005,,,,,,,
12,Columbia,hot_humid,logistic_saga,3,20000,20000,0.23600666837911224,0.016822923272641482,0.26666666666666666,0.017017148213885117,0.2547599433826292,0.1310333615873844,0.15,cross_city_benchmark_report_city_error_comparison,C:\Users\golde\OneDrive - University of Virginia\STAT5630_FinalProject_DataProcessing\outputs\modeling\reporting\tables\cross_city_benchmark_report_city_error_comparison.csv,0.10497330679172784,0.11666666666666667
12,Columbia,hot_humid,random_forest,3,20000,20000,0.2941281997479486,0.006163498167731226,0.31,0.017500000000000026,0.2878781674907726,0.1344425973461623,0.136,cross_city_benchmark_report_city_error_comparison,C:\Users\golde\OneDrive - University of Virginia\STAT5630_FinalProject_DataProcessing\outputs\modeling\reporting\tables\cross_city_benchmark_report_city_error_comparison.csv,0.15968560240178634,0.174
11,Houston,hot_humid,city_prevalence_baseline,3,20000,20000,0.10000000000000002,0.0,0.105,0.013228756555322957,,,,,,,
11,Houston,hot_humid,logistic_saga,3,20000,20000,0.13193694884121418,0.010215863229203669,0.1466666666666667,0.013768926368215249,0.13016224617936134,0.1252516917398908,0.148,cross_city_benchmark_report_city_error_comparison,C:\Users\golde\OneDrive - University of Virginia\STAT5630_FinalProject_DataProcessing\outputs\modeling\reporting\tables\cross_city_benchmark_report_city_error_comparison.csv,0.006685257101323366,-0.0013333333333332975
11,Houston,hot_humid,random_forest,3,20000,20000,0.2200701370374415,0.013038703957432554,0.26,0.018027756377319962,0.2145107690210947,0.1224488748625343,0.126,cross_city_benchmark_report_city_error_comparison,C:\Users\golde\OneDrive - University of Virginia\STAT5630_FinalProject_DataProcessing\outputs\modeling\reporting\tables\cross_city_benchmark_report_city_error_comparison.csv,0.0976212621749072,0.134
17,Jacksonville,hot_humid,city_prevalence_baseline,3,20000,20000,0.10000000000000002,0.0,0.105,0.013228756555322957,,,,,,,
17,Jacksonville,hot_humid,logistic_saga,3,20000,20000,0.2954231102518788,0.012310447065864429,0.315,0.02645751311064593,0.2972183107615291,0.2400377324111945,0.296,cross_city_benchmark_report_city_error_comparison,C:\Users\golde\OneDrive - University of Virginia\STAT5630_FinalProject_DataProcessing\outputs\modeling\reporting\tables\cross_city_benchmark_report_city_error_comparison.csv,0.055385377840684286,0.019000000000000017
17,Jacksonville,hot_humid,random_forest,3,20000,20000,0.3113224660374548,0.0038046006522512187,0.31583333333333335,0.012332207155790606,0.32061784630870654,0.2050168508154777,0.258,cross_city_benchmark_report_city_error_comparison,C:\Users\golde\OneDrive - University of Virginia\STAT5630_FinalProject_DataProcessing\outputs\modeling\reporting\tables\cross_city_benchmark_report_city_error_comparison.csv,0.10630561522197707,0.05783333333333335
16,Miami,hot_humid,city_prevalence_baseline,3,20000,20000,0.10000000000000002,0.0,0.105,0.013228756555322957,,,,,,,
16,Miami,hot_humid,logistic_saga,3,20000,20000,0.1689732917830682,0.006486894700414387,0.2058333333333333,0.003818813079129861,0.16177506682700799,0.14881933637123,0.17,cross_city_benchmark_report_city_error_comparison,C:\Users\golde\OneDrive - University of Virginia\STAT5630_FinalProject_DataProcessing\outputs\modeling\reporting\tables\cross_city_benchmark_report_city_error_comparison.csv,0.020153955411838204,0.0358333333333333
16,Miami,hot_humid,random_forest,3,20000,20000,0.20769651694406455,0.018793661403095546,0.24916666666666668,0.021554195260629284,0.20869204844537562,0.1417766874310615,0.158,cross_city_benchmark_report_city_error_comparison,C:\Users\golde\OneDrive - University of Virginia\STAT5630_FinalProject_DataProcessing\outputs\modeling\reporting\tables\cross_city_benchmark_report_city_error_comparison.csv,0.06591982951300304,0.09116666666666667
20,Nashville,hot_humid,city_prevalence_baseline,3,20000,20000,0.10000000000000002,0.0,0.105,0.013228756555322957,,,,,,,
20,Nashville,hot_humid,logistic_saga,3,20000,20000,0.5238668889692643,0.03180600950724277,0.5508333333333333,0.030034702151566832,0.5105633704856711,0.4699467101993019,0.476,cross_city_benchmark_report_city_error_comparison,C:\Users\golde\OneDrive - University of Virginia\STAT5630_FinalProject_DataProcessing\outputs\modeling\reporting\tables\cross_city_benchmark_report_city_error_comparison.csv,0.05392017876996236,0.07483333333333331
20,Nashville,hot_humid,random_forest,3,20000,20000,0.5712536946336644,0.038860510673562686,0.5616666666666666,0.03085584763595605,0.5591833812145571,0.439601477459057,0.458,cross_city_benchmark_report_city_error_comparison,C:\Users\golde\OneDrive - University of Virginia\STAT5630_FinalProject_DataProcessing\outputs\modeling\reporting\tables\cross_city_benchmark_report_city_error_comparison.csv,0.1316522171746074,0.10366666666666663
14,New Orleans,hot_humid,city_prevalence_baseline,3,20000,20000,0.10000000000000002,0.0,0.105,0.013228756555322957,,,,,,,
14,New Orleans,hot_humid,logistic_saga,3,20000,20000,0.26171605754387645,0.01811021115767031,0.31583333333333335,0.017736497211493986,0.24990382127078947,0.1443318104821279,0.144,cross_city_benchmark_report_city_error_comparison,C:\Users\golde\OneDrive - University of Virginia\STAT5630_FinalProject_DataProcessing\outputs\modeling\reporting\tables\cross_city_benchmark_report_city_error_comparison.csv,0.11738424706174855,0.17183333333333337
14,New Orleans,hot_humid,random_forest,3,20000,20000,0.34116420237762407,0.030162175894800258,0.3775,0.04380353866983808,0.3373153165339837,0.178069988699618,0.184,cross_city_benchmark_report_city_error_comparison,C:\Users\golde\OneDrive - University of Virginia\STAT5630_FinalProject_DataProcessing\outputs\modeling\reporting\tables\cross_city_benchmark_report_city_error_comparison.csv,0.16309421367800608,0.1935
13,Richmond,hot_humid,city_prevalence_baseline,3,20000,20000,0.10000000000000002,0.0,0.105,0.013228756555322957,,,,,,,
13,Richmond,hot_humid,logistic_saga,3,20000,20000,0.39298527293112157,0.02749616939278424,0.39749999999999996,0.010897247358851687,0.3698443536901986,0.2690690286642281,0.334,cross_city_benchmark_report_city_error_comparison,C:\Users\golde\OneDrive - University of Virginia\STAT5630_FinalProject_DataProcessing\outputs\modeling\reporting\tables\cross_city_benchmark_report_city_error_comparison.csv,0.12391624426689346,0.06349999999999995
13,Richmond,hot_humid,random_forest,3,20000,20000,0.46530033584755665,0.014215496902789955,0.445,0.013919410907075064,0.4227858018516892,0.2599509529657198,0.328,cross_city_benchmark_report_city_error_comparison,C:\Users\golde\OneDrive - University of Virginia\STAT5630_FinalProject_DataProcessing\outputs\modeling\reporting\tables\cross_city_benchmark_report_city_error_comparison.csv,0.20534938288183685,0.11699999999999999
15,Tampa,hot_humid,city_prevalence_baseline,3,20000,20000,0.10000000000000002,0.0,0.105,0.013228756555322957,,,,,,,
15,Tampa,hot_humid,logistic_saga,3,20000,20000,0.23589302204525273,0.010917663060734143,0.2758333333333333,0.009464847243000438,0.22510129881270513,0.2231058830616834,0.26,cross_city_benchmark_report_city_error_comparison,C:\Users\golde\OneDrive - University of Virginia\STAT5630_FinalProject_DataProcessing\outputs\modeling\reporting\tables\cross_city_benchmark_report_city_error_comparison.csv,0.012787138983569313,0.01583333333333331
15,Tampa,hot_humid,random_forest,3,20000,20000,0.28680041871908674,0.0013043454656616088,0.30916666666666665,0.014648663192705802,0.28094216957953977,0.2109227972936732,0.228,cross_city_benchmark_report_city_error_comparison,C:\Users\golde\OneDrive - University of Virginia\STAT5630_FinalProject_DataProcessing\outputs\modeling\reporting\tables\cross_city_benchmark_report_city_error_comparison.csv,0.07587762142541354,0.08116666666666664
30,Boston,mild_cool,city_prevalence_baseline,3,20000,20000,0.10000000000000002,0.0,0.105,0.013228756555322957,,,,,,,
30,Boston,mild_cool,logistic_saga,3,20000,20000,0.2274036350487534,0.01424546623066194,0.27,0.022912878474779182,0.2358366178103879,0.2143239716743264,0.244,cross_city_benchmark_report_city_error_comparison,C:\Users\golde\OneDrive - University of Virginia\STAT5630_FinalProject_DataProcessing\outputs\modeling\reporting\tables\cross_city_benchmark_report_city_error_comparison.csv,0.013079663374427009,0.026000000000000023
30,Boston,mild_cool,random_forest,3,20000,20000,0.2953660346109459,0.005716541220755685,0.3216666666666667,0.011814539065631539,0.3036125275851718,0.1971754233842124,0.228,cross_city_benchmark_report_city_error_comparison,C:\Users\golde\OneDrive - University of Virginia\STAT5630_FinalProject_DataProcessing\outputs\modeling\reporting\tables\cross_city_benchmark_report_city_error_comparison.csv,0.0981906112267335,0.0936666666666667
27,Chicago,mild_cool,city_prevalence_baseline,3,20000,20000,0.10000000000000002,0.0,0.105,0.013228756555322957,,,,,,,
27,Chicago,mild_cool,logistic_saga,3,20000,20000,0.37328611223551444,0.011332717701856695,0.42416666666666664,0.015275252316519482,0.38449812766101754,0.2844429110904831,0.308,cross_city_benchmark_report_city_error_comparison,C:\Users\golde\OneDrive - University of Virginia\STAT5630_FinalProject_DataProcessing\outputs\modeling\reporting\tables\cross_city_benchmark_report_city_error_comparison.csv,0.08884320114503136,0.11616666666666664
27,Chicago,mild_cool,random_forest,3,20000,20000,0.47511854474956494,0.015130718473735628,0.49,0.01249999999999997,0.4524289379732371,0.2162392568353098,0.246,cross_city_benchmark_report_city_error_comparison,C:\Users\golde\OneDrive - University of Virginia\STAT5630_FinalProject_DataProcessing\outputs\modeling\reporting\tables\cross_city_benchmark_report_city_error_comparison.csv,0.25887928791425513,0.244
29,Detroit,mild_cool,city_prevalence_baseline,3,20000,20000,0.10000000000000002,0.0,0.105,0.013228756555322957,,,,,,,
29,Detroit,mild_cool,logistic_saga,3,20000,20000,0.1735377895207394,0.0077910792909894645,0.19999999999999998,0.020463381929681123,0.17495110192689367,0.1856045223177169,0.234,cross_city_benchmark_report_city_error_comparison,C:\Users\golde\OneDrive - University of Virginia\STAT5630_FinalProject_DataProcessing\outputs\modeling\reporting\tables\cross_city_benchmark_report_city_error_comparison.csv,-0.012066732796977508,-0.03400000000000003
29,Detroit,mild_cool,random_forest,3,20000,20000,0.28806220080263173,0.02726557502657771,0.3116666666666667,0.016266017746619277,0.2980157882595087,0.1667845786540674,0.19,cross_city_benchmark_report_city_error_comparison,C:\Users\golde\OneDrive - University of Virginia\STAT5630_FinalProject_DataProcessing\outputs\modeling\reporting\tables\cross_city_benchmark_report_city_error_comparison.csv,0.12127762214856433,0.1216666666666667
25,Los Angeles,mild_cool,city_prevalence_baseline,3,20000,20000,0.10000000000000002,0.0,0.105,0.013228756555322957,,,,,,,
25,Los Angeles,mild_cool,logistic_saga,3,20000,20000,0.351943485245286,0.015145538755042659,0.4091666666666667,0.011273124382057216,0.34867589309072566,0.1363248035204273,0.136,cross_city_benchmark_report_city_error_comparison,C:\Users\golde\OneDrive - University of Virginia\STAT5630_FinalProject_DataProcessing\outputs\modeling\reporting\tables\cross_city_benchmark_report_city_error_comparison.csv,0.2156186817248587,0.27316666666666667
25,Los Angeles,mild_cool,random_forest,3,20000,20000,0.6045919548856052,0.037421395707475755,0.5741666666666667,0.03511884584284249,0.5951773759024093,0.1382469630046141,0.132,cross_city_benchmark_report_city_error_comparison,C:\Users\golde\OneDrive - University of Virginia\STAT5630_FinalProject_DataProcessing\outputs\modeling\reporting\tables\cross_city_benchmark_report_city_error_comparison.csv,0.46634499188099116,0.4421666666666667
28,Minneapolis,mild_cool,city_prevalence_baseline,3,20000,20000,0.10000000000000002,0.0,0.105,0.013228756555322957,,,,,,,
28,Minneapolis,mild_cool,logistic_saga,3,20000,20000,0.1682172072726084,0.01139861469696191,0.17250000000000001,0.015206906325745546,0.17887700886557467,0.1233324690489236,0.138,cross_city_benchmark_report_city_error_comparison,C:\Users\golde\OneDrive - University of Virginia\STAT5630_FinalProject_DataProcessing\outputs\modeling\reporting\tables\cross_city_benchmark_report_city_error_comparison.csv,0.044884738223684786,0.0345
28,Minneapolis,mild_cool,random_forest,3,20000,20000,0.3293023352309455,0.017363689698443943,0.3458333333333334,0.011273124382057204,0.327658251768655,0.1109157901504123,0.128,cross_city_benchmark_report_city_error_comparison,C:\Users\golde\OneDrive - University of Virginia\STAT5630_FinalProject_DataProcessing\outputs\modeling\reporting\tables\cross_city_benchmark_report_city_error_comparison.csv,0.21838654508053318,0.21783333333333338
22,Portland,mild_cool,city_prevalence_baseline,3,20000,20000,0.10000000000000002,0.0,0.105,0.013228756555322957,,,,,,,
22,Portland,mild_cool,logistic_saga,3,20000,20000,0.29840673751172314,0.010849737935278221,0.36333333333333334,0.026020824993326655,0.31585891233554686,0.3171624224201456,0.382,cross_city_benchmark_report_city_error_comparison,C:\Users\golde\OneDrive - University of Virginia\STAT5630_FinalProject_DataProcessing\outputs\modeling\reporting\tables\cross_city_benchmark_report_city_error_comparison.csv,-0.018755684908422443,-0.018666666666666665
22,Portland,mild_cool,random_forest,3,20000,20000,0.40294538205717223,0.03235243259252465,0.4025,0.015206906325745529,0.4198893893958062,0.2504682465211154,0.312,cross_city_benchmark_report_city_error_comparison,C:\Users\golde\OneDrive - University of Virginia\STAT5630_FinalProject_DataProcessing\outputs\modeling\reporting\tables\cross_city_benchmark_report_city_error_comparison.csv,0.15247713553605685,0.09050000000000002
26,San Diego,mild_cool,city_prevalence_baseline,3,20000,20000,0.10000000000000002,0.0,0.105,0.013228756555322957,,,,,,,
26,San Diego,mild_cool,logistic_saga,3,20000,20000,0.3041470625786447,0.013993973740620771,0.3658333333333333,0.013768926368215273,0.3106661725395265,0.1389723641527455,0.146,cross_city_benchmark_report_city_error_comparison,C:\Users\golde\OneDrive - University of Virginia\STAT5630_FinalProject_DataProcessing\outputs\modeling\reporting\tables\cross_city_benchmark_report_city_error_comparison.csv,0.1651746984258992,0.2198333333333333
26,San Diego,mild_cool,random_forest,3,20000,20000,0.4784801606730745,0.03726462232121675,0.4583333333333333,0.029825883613622123,0.45686443235859414,0.1527454943004643,0.178,cross_city_benchmark_report_city_error_comparison,C:\Users\golde\OneDrive - University of Virginia\STAT5630_FinalProject_DataProcessing\outputs\modeling\reporting\tables\cross_city_benchmark_report_city_error_comparison.csv,0.32573466637261017,0.2803333333333333
23,San Francisco,mild_cool,city_prevalence_baseline,3,20000,20000,0.10000000000000002,0.0,0.105,0.013228756555322957,,,,,,,
23,San Francisco,mild_cool,logistic_saga,3,20000,20000,0.2624827088642814,0.021971748979648254,0.25833333333333336,0.010103629710818459,0.25884943702191304,0.1227436519434779,0.118,cross_city_benchmark_report_city_error_comparison,C:\Users\golde\OneDrive - University of Virginia\STAT5630_FinalProject_DataProcessing\outputs\modeling\reporting\tables\cross_city_benchmark_report_city_error_comparison.csv,0.13973905692080346,0.14033333333333337
23,San Francisco,mild_cool,random_forest,3,20000,20000,0.4134181597484779,0.013791840452618581,0.39749999999999996,0.011456439237389593,0.39110616732048403,0.1080177651230145,0.094,cross_city_benchmark_report_city_error_comparison,C:\Users\golde\OneDrive - University of Virginia\STAT5630_FinalProject_DataProcessing\outputs\modeling\reporting\tables\cross_city_benchmark_report_city_error_comparison.csv,0.3054003946254634,0.3035
24,San Jose,mild_cool,city_prevalence_baseline,3,20000,20000,0.10000000000000002,0.0,0.105,0.013228756555322957,,,,,,,
24,San Jose,mild_cool,logistic_saga,3,20000,20000,0.24508684076245144,0.020658680247065374,0.2591666666666667,0.03185252475602733,0.2501375172421197,0.1714991135144317,0.136,cross_city_benchmark_report_city_error_comparison,C:\Users\golde\OneDrive - University of Virginia\STAT5630_FinalProject_DataProcessing\outputs\modeling\reporting\tables\cross_city_benchmark_report_city_error_comparison.csv,0.07358772724801974,0.1231666666666667
24,San Jose,mild_cool,random_forest,3,20000,20000,0.5927961297557699,0.015287073106080636,0.5533333333333333,0.018929694486000865,0.5687798106819142,0.0972358319441493,0.08,cross_city_benchmark_report_city_error_comparison,C:\Users\golde\OneDrive - University of Virginia\STAT5630_FinalProject_DataProcessing\outputs\modeling\reporting\tables\cross_city_benchmark_report_city_error_comparison.csv,0.4955602978116206,0.47333333333333333
21,Seattle,mild_cool,city_prevalence_baseline,3,20000,20000,0.10000000000000002,0.0,0.105,0.013228756555322957,,,,,,,
21,Seattle,mild_cool,logistic_saga,3,20000,20000,0.2893265336011254,0.039376600276287935,0.35250000000000004,0.03783186487605392,0.2807088202895594,0.2341759340114519,0.288,cross_city_benchmark_report_city_error_comparison,C:\Users\golde\OneDrive - University of Virginia\STAT5630_FinalProject_DataProcessing\outputs\modeling\reporting\tables\cross_city_benchmark_report_city_error_comparison.csv,0.05515059958967353,0.06450000000000006
21,Seattle,mild_cool,random_forest,3,20000,20000,0.3661193734040924,0.0565213443511412,0.38083333333333336,0.03875671984744495,0.3550078803118259,0.2095499670162837,0.262,cross_city_benchmark_report_city_error_comparison,C:\Users\golde\OneDrive - University of Virginia\STAT5630_FinalProject_DataProcessing\outputs\modeling\reporting\tables\cross_city_benchmark_report_city_error_comparison.csv,0.1565694063878087,0.11883333333333335
